"","1","2","3","4","5","6","7","8","9","10","11","12"
"0.005",6.82395308892013,4.7925557817063,3.94558424681357,3.47849155502343,3.18522913383303,2.97740613648853,2.82769355082359,2.70910724748699,2.61811526939253,2.53036269410143,2.46312740242942,2.40310895256469
"0.01",6.97413199081043,4.90566930102424,4.06566791244153,3.58253503081244,3.32696163852943,3.10476277287935,2.9707211847354,2.85757428853559,2.77562945068112,2.69718253499112,2.62881695188189,2.57075521718717
"0.015",7.08302873153761,5.02042797550912,4.17388748129149,3.70402774912037,3.45421257305036,3.23516525893258,3.11140873625801,2.98830904334939,2.92791990642124,2.86446590693258,2.80581822901898,2.76391802921737
"0.02",7.19881558944718,5.12407761325767,4.29883827167207,3.86458272083991,3.5793612078358,3.37347515294233,3.25191580194995,3.1422109624152,3.10489426200205,3.04347510513852,3.00368712664047,2.96323651255193
"0.025",7.31148933709424,5.2499153778971,4.45021647811611,4.01433126770455,3.72062063266898,3.53734852658814,3.40573371391338,3.31778651604189,3.26328897498149,3.24223893186119,3.20408754957877,3.17921710341277
"0.03",7.41715411600109,5.3885250827622,4.57224409449367,4.15255358349622,3.85365927556338,3.70818455947137,3.58211949029123,3.50446586031355,3.46502069895362,3.44754714248081,3.41997543872236,3.39969027083983
"0.035",7.53666863467832,5.48102587224116,4.69219795450792,4.3134114839875,4.01370039020794,3.87859493867867,3.7562953862872,3.70155331636769,3.69471644495927,3.68525542032558,3.64427364161316,3.66075283562984
"0.04",7.66733600328239,5.62048425713571,4.82960353741532,4.46118117734383,4.17858170185387,4.061764064369,3.9596219566037,3.91607604141569,3.91203040097244,3.93944276241053,3.91567897309185,3.94508172445299
"0.045",7.84937086796776,5.74287725777432,4.95239342121578,4.60128882877391,4.33864186428469,4.25288091758858,4.1603639407725,4.12867731205379,4.13018621674245,4.16006258795257,4.20241220426956,4.23045021306673
"0.05",7.98089185668123,5.87716699718696,5.10982074842486,4.75038473141459,4.50199739472021,4.43772217685115,4.37858283887682,4.35984818462789,4.37190012036852,4.40711432625341,4.48562776771161,4.55659400087998
"0.055",8.09198778404726,5.98926345252189,5.23211413594729,4.90111694980752,4.72595766769756,4.6314419825553,4.5893706427681,4.60230964670563,4.61983261083073,4.71278980132642,4.78461475476595,4.87659553596354
"0.06",8.2813776419272,6.1274577041176,5.38036859347026,5.04945920573462,4.90513798139051,4.80841233356788,4.80032557126288,4.85059828069889,4.89011724267082,5.02933587797284,5.12802762261321,5.20616517186288
"0.065",8.43697178158002,6.29776309119495,5.54472874608124,5.23154732560819,5.07011017288743,5.02193254918515,5.04008023480193,5.12911490506994,5.16928380860786,5.34736514212989,5.47650748035409,5.56919699097088
"0.07",8.58580362958761,6.46311831892807,5.71672833237182,5.4068870992101,5.26097071633494,5.23558725718147,5.30127136823544,5.41066834359984,5.4618009112357,5.68533142000535,5.80498211299333,5.98546359188454
"0.075",8.75170014537485,6.60785406886558,5.8813906455574,5.63712758566884,5.49241183251553,5.45812581297899,5.56057938761891,5.70758746231611,5.78420432417212,6.00276253111195,6.1886711783877,6.40719953869639
"0.08",8.91545534764323,6.75291149083405,6.03296352111481,5.80386552154397,5.71815243033187,5.68530440886663,5.81993478997767,6.02012408819816,6.1134504961061,6.37937211206339,6.60129370991579,6.83837153984124
"0.085",9.06141135092441,6.8917167617922,6.1959647682583,5.97842643470627,5.92110100056987,5.94638854851735,6.09821835378884,6.29119023121704,6.43037039224263,6.74716086325486,6.97993154727102,7.23315923637998
"0.09",9.20844031603872,7.04539537879837,6.37344808752229,6.21001831966826,6.15809127347943,6.22010069788756,6.33218855392513,6.63524202807496,6.76768627554458,7.10717301033033,7.35432649352935,7.68161199501386
"0.095",9.33996567215863,7.2106214123617,6.59123485976274,6.4420378177139,6.39728365789322,6.50096843118396,6.59410135273133,6.92484180413997,7.12758826119087,7.46136437304426,7.77441107231271,8.16159137338214
"0.1",9.46632014490769,7.33620849245021,6.78383296484762,6.68199842553462,6.64492870694088,6.79089643100805,6.86559006250594,7.2290686271986,7.46104717471229,7.84011054328608,8.23351330700659,8.64264863632274
"0.105",9.62559339106083,7.52427115749881,6.98439082067135,6.89403606777884,6.87089144415341,7.0786082528238,7.17754095794389,7.54312786918186,7.82403431853681,8.23556604292521,8.63786273117989,9.04456501286147
"0.11",9.81726385355594,7.73705320559736,7.18417484848881,7.13105557983128,7.11478272556873,7.33582532995723,7.50815617138142,7.83423658400928,8.15590526661192,8.60004093119543,9.04138092097711,9.49578012776376
"0.115",9.99591461201516,7.92377509074756,7.39549334958633,7.38347854005423,7.36650175354669,7.60761139144512,7.82737352844701,8.21733855895618,8.55351444021473,8.97934129510198,9.48729655677717,10.0015255578174
"0.12",10.162566547031,8.12848881675764,7.55300535964431,7.6458436596936,7.62541684626198,7.93616920685026,8.15318726561422,8.56704458250074,8.99816626779576,9.43124948212776,9.91025686373325,10.4727460945629
"0.125",10.3067351442883,8.29230514101082,7.74313382684804,7.84247008298959,7.88502974227327,8.20304500843438,8.5170248871948,8.94937670573976,9.32491445867749,9.89029664611317,10.3897120344213,10.9887483191555
"0.13",10.4262304317368,8.47757265775471,8.01883710759241,8.10651993568287,8.20650133972338,8.52679577155689,8.78532766906853,9.29541126636652,9.75504266088891,10.3523392085458,10.8421218653118,11.4190445889443
"0.135",10.5713120416725,8.66952952741779,8.2341267839684,8.37107206287396,8.49619555538355,8.86625435811626,9.12237826724444,9.6771115225657,10.1771751526373,10.737427532274,11.3030607993189,11.8825931106832
"0.14",10.8011438574599,8.84843162330013,8.39939690479538,8.59951127806759,8.76246973025746,9.17439747459492,9.45519646048369,10.0759098372772,10.5341459299158,11.1520693201817,11.7480513096693,12.3888685558964
"0.145",11.0059181574758,9.06208264296757,8.56725707303665,8.83883339636113,9.10066356479553,9.48322440643609,9.80863799603018,10.4269100320025,11.0103417606192,11.6727381491315,12.2489952082848,12.825007065668
"0.15",11.2258633720931,9.21073699632134,8.7650092759978,9.02994068121065,9.40398151715413,9.80294778056056,10.1884052647376,10.8367166087584,11.3883436664455,12.1652762812117,12.6679874021378,13.2539795531753
"0.155",11.387522323233,9.40264707043558,9.01031837455225,9.23559190282568,9.59090536993482,10.1312094980552,10.537203871834,11.2130763851777,11.8393463284553,12.6244355416347,13.2138252271427,13.7814638491965
"0.16",11.5815701584613,9.59450452281284,9.25920256405634,9.50510128450132,9.81107765130886,10.5067688593147,10.9076619051216,11.6667488661063,12.2310212094266,13.0208372099804,13.6949033012365,14.2728112712416
"0.165",11.7522955773743,9.8331829763679,9.57720380553403,9.81895838377231,10.0864196413638,10.8473033550609,11.1906550931773,12.0307899185428,12.6554200509909,13.4777025979304,14.1224998398453,14.7318240843243
"0.17",11.9773997103532,10.035996985188,9.82499321145808,10.1112007370081,10.3921779433501,11.1935053742361,11.5968111684688,12.4472035148146,13.0723768351047,13.8622124721193,14.6233718642166,15.1764020974469
"0.175",12.1514922857723,10.2335748039819,10.0308460659704,10.3144947162993,10.7027850587027,11.4739814594054,11.9309504223138,12.8845200677223,13.5258157555718,14.2309538492741,14.9142005043112,15.5875812988738
"0.18",12.3472893772091,10.4516145072201,10.2373113531589,10.5049868012992,11.0609748585858,11.7794628807806,12.1951454844541,13.2315273088161,13.934756599668,14.6378301734501,15.3492039275413,16.0856107717126
"0.185",12.5121530222904,10.6739421409997,10.385937455149,10.8327846429188,11.3876902155276,12.0569228935161,12.5755304740037,13.5833595449837,14.3174105022182,15.0620033570865,15.7476151353905,16.6417211727452
"0.19",12.7021744184762,10.8049451446187,10.6439218738725,11.126117930224,11.7075604048967,12.3918934068814,13.0200911653498,13.932167245553,14.6656762111851,15.4280955281711,16.1995820414838,17.0814738166995
"0.195",12.935686989873,10.9759880700905,10.8577468730013,11.390574205646,12.1214430926721,12.7242433826495,13.3792379656242,14.293420689987,15.0351271557349,15.8801278699208,16.5772165200467,17.4764621958333
"0.2",13.1788610184063,11.1697121086975,11.1543073610896,11.6206399033175,12.3829223592581,13.0931318816224,13.7519018709917,14.6728725050879,15.4724245965434,16.3037000082957,17.136995589484,17.8893718848713
"0.205",13.3209355382976,11.3719447713774,11.3560497114604,11.9403439621923,12.7237150883427,13.3978783763129,14.13913032521,15.0484388690153,15.9044175358167,16.7654352409159,17.572538104311,18.3116953121627
"0.21",13.4930290490422,11.610930245818,11.6515472421352,12.3008001948975,13.0036916564886,13.8254187428845,14.5789907918692,15.4697880317974,16.2844571676799,17.193295966821,17.9685697224763,18.8088761761157
"0.215",13.6610797689178,11.8959590072062,11.8524593835303,12.6299312895253,13.3724453641914,14.2081980860311,14.9018172364227,15.7705185079512,16.6340754745211,17.5556692074525,18.4153735504258,19.2124966290207
"0.22",13.8469046617291,12.1372165052255,12.056112574572,12.8393932135057,13.7089805425912,14.5491547286998,15.2750109611783,16.1706203468904,17.076477107657,17.8881128288093,18.8595890223384,19.698710454038
"0.225",14.1162645916184,12.3860276666415,12.3977066395953,13.1272545125807,14.068018023777,14.8814849205335,15.6748959223279,16.556264713425,17.4654440880349,18.2450460594505,19.277348451197,20.1823669765223
"0.23",14.3030794037034,12.5736473988499,12.7335868268882,13.3787860214706,14.456087270347,15.3039429476342,16.0045455702433,16.9270490883129,17.8265292548755,18.638703311821,19.6903874921281,20.5853031923104
"0.235",14.6336544325926,12.8308734175093,13.0029504392969,13.6933536246527,14.7911534966745,15.6518160041503,16.3719563053266,17.3434049323024,18.2210907095104,19.0864479701651,20.0967913940138,21.0721488344171
"0.24",14.8080183542066,13.0583651186881,13.2097892058943,14.015677660533,15.0623017911958,15.9858632914511,16.7281357854781,17.693365279566,18.6447159306064,19.5800510971936,20.5116659479218,21.5256090080414
"0.245",15.0199252326716,13.3071196322685,13.5288915586224,14.3536690481013,15.4192402006968,16.3476554655506,17.0988950249308,18.178216186525,18.9815843685836,19.8829502485516,20.8654311175646,21.9508832758491
"0.25",15.2384657870551,13.5301007753885,13.8441187946824,14.6867714944106,15.7789510802853,16.5871696520879,17.3509282554968,18.529238537777,19.4212415051626,20.311153728641,21.3294167160306,22.4150440920471
"0.255",15.4497379881722,13.8297194943283,14.093468774814,15.060024962692,16.0922687043747,16.9556711967616,17.7521180589092,18.8722890884156,19.7618855882591,20.7407601009102,21.8016367843926,22.7696280852964
"0.26",15.6854942685838,14.0584031990284,14.3811139580595,15.3287588122238,16.4354191643098,17.3070790569378,18.0425773201814,19.3091235766422,20.2181713680174,21.0496525549849,22.0927506232772,23.1653529721835
"0.265",15.9795378707741,14.3169890049655,14.7384746863127,15.6535173856469,16.7024401410052,17.6222746684057,18.3664108813661,19.7011083444155,20.6104771565182,21.5312435409287,22.5363083203364,23.6620186629143
"0.27",16.1494439831677,14.5622967454868,15.0224989638184,15.8905991896051,17.007495546763,17.8278288548603,18.6977677676822,20.0231379120363,20.9509069280814,21.9853837554028,22.8891864236775,24.0895740694316
"0.275",16.380915880234,14.783527153668,15.3067415750475,16.2800506021379,17.2991336943204,18.2382009943518,19.0528037094049,20.4361418694007,21.4000066740302,22.3558294687785,23.434736857124,24.4211377747477
"0.28",16.6181828782421,15.0458760836052,15.534888561645,16.5867952857631,17.5673042059981,18.6342049535328,19.3926640934325,20.7429336827653,21.7174540983527,22.8194242335268,23.8904680270567,24.9072183684164
"0.285",16.803829087624,15.3520736321453,15.8007500087355,16.8822522128101,17.8767234826373,18.8826334653223,19.7247867069606,21.0940553203928,22.0451446581069,23.1436655517254,24.4231255259826,25.4110181825225
"0.29",17.0029710534484,15.6336134947643,16.0106096974359,17.2142362788794,18.2542166738739,19.0529915801456,20.0752270877877,21.4151733098406,22.4357888427619,23.5823139488914,24.8386101376083,25.8207766326432
"0.295",17.2162452679928,15.8716194856452,16.2870283752993,17.5339840956681,18.6059420899533,19.2742937729768,20.4189978998253,21.7317278003886,22.792511080823,23.9203752520554,25.2214115318717,26.12174946955
"0.3",17.4539611183934,16.1164788601967,16.6356694789696,17.8093066747696,18.8477066845557,19.5708632933203,20.8293013369969,22.169317691787,23.3652090450436,24.2826740809758,25.5884208684309,26.4513216045519
"0.305",17.7248060957013,16.3311723812382,16.8964535885186,18.1164208420421,19.2247981540987,19.9606148618484,21.2670933558875,22.6100233689583,23.7365178565048,24.8279680229999,25.8535978527185,26.8823439530769
"0.31",17.9007823863684,16.6298228134486,17.0472049205129,18.4439900423512,19.4942168894002,20.3868937042158,21.5575171288002,23.1094726612451,24.0985279502719,25.1989830607308,26.3025412945244,27.4213757024432
"0.315",18.105944541729,16.8980376581911,17.2157360450235,18.7726428756948,19.795394648138,20.7799774752715,21.9182047705763,23.4088554044589,24.5918440917207,25.6041732734455,26.7337571552279,27.8373298249533
"0.32",18.3225029241761,17.1441279469633,17.5207870439362,19.041810077767,20.1055860286358,21.0665370420218,22.2815209143335,23.8198204203983,24.8913552162029,26.1017531404029,27.2406114070006,28.2836140401041
"0.325",18.4644789393506,17.4680758393122,17.7135221640683,19.3894948278987,20.4312276960582,21.3522309085108,22.6039814644197,24.1806657360032,25.2707766421968,26.5061133035944,27.544500609693,28.650689674943
"0.33",18.7013839581464,17.6720760435502,17.963887542167,19.6444008497383,20.6808370743706,21.6975155413814,22.86035753212,24.4050363894889,25.6906059485346,26.9038561165451,28.0741809281028,28.96976013965
"0.335",19.0100804898065,17.8778956850095,18.2506597497438,19.9428550661869,20.8853755973014,22.0667014139709,23.1239000795553,24.7781194723052,26.0540130982462,27.3109548154249,28.4627259321396,29.3330196793854
"0.34",19.3191813585721,18.1467206506157,18.5651737706391,20.1094096773032,21.3138616240245,22.4399042005405,23.4035681225201,25.0490432500146,26.3259843037653,27.5894875141076,28.7701204641538,29.7685009967411
"0.345",19.4650647268576,18.4655740423399,18.7798933171199,20.4149132862725,21.7286290016056,22.8254537181398,23.7287342250261,25.5256354685429,26.5989816395152,27.8547764397421,28.9951480294075,30.2141584058594
"0.35",19.7715835306258,18.6738687427891,19.0264596698624,20.6527324793426,22.0738311818328,23.2062914087974,24.1460245888043,25.6676381152861,26.9879268509335,28.2327043229142,29.4110385760193,30.6660780723645
"0.355",20.0266006004199,19.04465892017,19.2767391374498,20.8997536576493,22.4333235659752,23.5165520465021,24.4191895563007,26.0003010660019,27.1899592335459,28.6108957266665,29.7530161849177,31.0503672524587
"0.36",20.2591079720678,19.1634239218504,19.445966570739,21.1247235951461,22.7153832357651,23.7187577075679,24.7551314561534,26.1921593025941,27.5856851837226,28.821101062997,30.0165717443461,31.3851576638552
"0.365",20.5765722307713,19.5003795412519,19.6828132733108,21.3097321876687,22.9392414934223,24.0446867985879,25.0582996323422,26.5180660383509,27.9179097649714,29.2028872331157,30.40683225123,31.810263673073
"0.37",20.8623315613081,19.8321160090658,19.9856803274349,21.5359347448693,23.3133832079628,24.2484152924919,25.3907451414624,26.9833600237931,28.1464311594531,29.5554150451853,30.9582916732456,32.2356075763236
"0.375",20.9865773544753,20.0946990858566,20.2526947852098,21.8690486664734,23.7167925351023,24.5576467216557,25.6714629114207,27.2314317543049,28.5286275230418,29.8702947978644,31.2885231916996,32.64457400086
"0.38",21.1894425018528,20.2979903415163,20.5832457754428,22.0625836095413,24.012338473004,24.7907470606273,25.8729198166467,27.5424586014814,28.8549333021558,30.2015378460768,31.8135067036887,33.0038959174209
"0.385",21.3758632223701,20.5706964764065,20.8937340235124,22.3798139822198,24.3446218466327,25.0569803554058,26.2242774067487,27.9001848850542,29.2081064307181,30.5848181765128,32.2924917592083,33.4228056445493
"0.39",21.6506326560408,20.7450715358386,21.2056804723618,22.6646502451325,24.6834698322973,25.37687206139,26.6067580530457,28.28686440368,29.7325791709662,31.0382350913252,32.4891102749255,33.8367437069531
"0.395",21.8924243868858,21.0963752871906,21.4590893621003,22.9008514213538,24.8470963627344,25.890134434329,27.0947734579824,28.7379050056393,30.0715021177803,31.5555463613586,32.7860681589744,34.0048343433933
"0.4",22.1668804800023,21.3784898882896,21.7598453863943,23.260086414772,25.1708398829151,26.3356745998056,27.5117170391444,29.0098872687193,30.4055199112035,31.9141834513814,33.3278042408556,34.4382170843148
"0.405",22.477197773233,21.6434909433312,21.939745372505,23.6324959120821,25.4901904506246,26.6107942572113,27.8218276692941,29.4191531046757,30.7859678239675,32.2241458005578,33.7071244380237,34.8563836193439
"0.41",22.6768886923061,21.8752445388836,22.3478736332093,23.9096266092638,25.7666295631664,26.9597087638088,28.2265375850474,29.938391603992,31.1930207478661,32.8135812719272,34.1835983594369,35.4236658547393
"0.415",23.0514178098735,22.0775673941611,22.6484133516546,24.3609712466957,25.8824946393755,27.2442038501772,28.4526950232754,30.420440539663,31.4816186998141,32.946858467159,34.6843366952023,35.8645191073594
"0.42",23.2879337980912,22.243195115991,23.0217123292524,24.7825501424331,26.2623775096905,27.489521908854,28.914435980327,30.7753184478549,31.7797118257326,33.3618021403924,35.0462938530106,36.3434647109944
"0.425",23.4982342276931,22.4439055807157,23.2463073326856,25.0918098667796,26.5195424486648,27.7877143348723,29.2127108632255,31.2391443409457,32.0969865057768,33.6082177361082,35.4988751187098,36.7115591090913
"0.43",23.6775641910604,22.646359786351,23.5806407055436,25.3141890258062,26.6013919095555,28.0886458441706,29.4525100371302,31.4413470196154,32.5818010741738,34.0439647428616,35.9394234515949,37.3305033144746
"0.435",23.8802727680257,22.8521561523209,23.7818618174181,25.5484153315782,26.9770408115592,28.5691843956626,29.7723266682644,31.7635199565704,32.7667569085986,34.6377851177586,36.4150886310844,37.6362769788464
"0.44",24.1518987061096,23.1132141247178,24.0561692642496,25.7859284875202,27.246304460363,28.9264096003347,30.2878180050927,32.0440135172771,33.2483759623082,34.8417489990195,36.8052922113977,38.1396928543715
"0.445",24.3558683533954,23.337943889542,24.3501640142395,26.0180291619758,27.5035276894454,29.1006448898457,30.6708995640682,32.4172090632295,33.662995685133,35.2429292115259,36.9422409429305,38.3865504280518
"0.45",24.5044452073889,23.5245034477592,24.4988451480682,26.3647243010899,27.8589484723294,29.3806897906874,30.7854409963032,32.7704794679935,34.2017622812384,35.7397614836545,37.2027606683783,38.7452102370536
"0.455",24.7894727919229,23.7242480416233,24.6891435730892,26.6343940424599,28.0250605222625,29.736701823554,31.0440338275218,33.0385099992692,34.5256046543882,36.0502260181805,37.5348583946314,39.0296970719729
"0.46",25.0432752189315,23.9327505753612,25.0070133938132,26.7595358681752,28.4602476377988,30.0080699106708,31.3035765923386,33.2173837016777,34.8458945256253,36.4185436060438,38.0142455490025,39.2699486940311
"0.465",25.4634035825716,24.25508775012,25.2970532339561,27.1031476173246,28.7777540948633,30.3548036691748,31.6684423744389,33.4927773617651,35.0829324548608,36.7903790440143,38.3327088000493,39.8375040621176
"0.47",25.6513636023694,24.6132595941581,25.7052939579893,27.4280550484587,29.0727986846265,30.6249784022495,32.1638911104718,33.8036023629327,35.5477767915716,37.1344592855527,38.7871811807128,40.1977801996911
"0.475",25.8921993663339,24.8606355366106,25.9966288269247,27.8572309182729,29.382626845303,30.894151524506,32.4830299808142,34.1240539145628,35.921245929635,37.7143670190167,39.1411055058534,40.8025157365371
"0.48",26.2082328779833,25.0838778243281,26.3381457693723,27.9889376278294,29.6806898413632,31.1223637621381,32.8612465074907,34.4085176384225,36.2339102953565,37.9901721220642,39.4121759019663,41.0598381507493
"0.485",26.5628171190384,25.4971431884503,26.5794723230085,28.1502594491573,30.2816625974542,31.4266397844353,33.1435178063908,34.7268855214024,36.4402854651929,38.3844581131698,39.75852740447,41.3109928992253
"0.49",26.7211468229016,25.6302537077258,26.7843480269351,28.3958254274883,30.532558366525,31.7322302077925,33.4799873833427,35.0082593893336,36.6586266341438,38.8272764420085,40.2376807435956,41.6984024540808
"0.495",27.0069088225186,25.8201047601146,27.1278573795038,28.6368140624582,30.7620453342764,32.0261974873387,33.6679984315082,35.4131377110423,37.0594887593437,39.1263095122271,40.5970424548578,42.091151649212
"0.5",27.279919993993,26.2329107593278,27.4892576073667,28.9289743208456,31.0362846432358,32.3991679079719,33.979428928326,35.7694118765278,37.6110298619432,39.5696884416498,40.937421925412,42.4525754957438
"0.505",27.43287617963,26.5786775585142,27.7986268313846,29.3808257504864,31.1409977020743,32.7071215911765,34.2955968893513,35.9724444323996,37.9624534016387,40.0316273917109,41.1585650564595,42.9291885698982
"0.51",27.626527014124,26.8815893946808,28.0394724551407,29.6435771787036,31.261618588428,33.0216837846609,34.6709839102214,36.3214894959928,38.1607579188507,40.4062721138432,41.4227447359147,43.2829182069412
"0.515",27.9868202624878,27.1626873782243,28.2859572197072,29.8948291060683,31.6140940267374,33.1911035975988,34.8874564982744,36.7987676822042,38.5670949438515,40.5469910658418,41.6727894351829,43.5412289335236
"0.52",28.30126608821,27.2715169177092,28.5476647367836,30.2638108877413,31.7899705125249,33.5882863931037,35.284208549892,37.2478728341532,38.8787490895888,40.8076613177345,42.1075529877794,44.0231373863919
"0.525",28.6457714094415,27.606213694949,28.9309356833263,30.5627349564024,32.1526716912261,33.9093736154319,35.6025631995724,37.5289332488443,39.2101016030499,41.0321819397962,42.5146186636506,44.4205901326241
"0.53",28.9120400657169,27.7955580842818,29.0384234699436,30.9459577466901,32.3826927375847,34.0805560173062,36.041280284956,38.0315437139817,39.6027557995842,41.2907860015034,42.8521572640496,44.8666770121489
"0.535",29.036145620291,27.7681826097015,29.208687019457,31.3760752098924,32.9124726231207,34.4775683030703,36.3207447367242,38.3805639494158,40.0057378087002,41.5588929849582,43.2403071601777,45.2831090425781
"0.54",29.2052404622417,27.9531686248931,29.4306024677282,31.9616601173377,33.2574958840039,35.0213888455707,36.5990250242122,38.704571135302,40.3655975864142,41.7539846779833,43.5219002154772,45.7888747670049
"0.545",29.3685454756318,28.2091108695326,29.7591346775203,32.0862394753623,33.6964544919414,35.2172128889456,36.7870578987202,39.0405658411807,40.6829614878967,41.9241737156339,43.9407864714487,46.0399768060308
"0.55",29.6053664097615,28.5966453401,30.0331148346137,32.3587777740484,34.1203962901989,35.4813777482872,36.9862283381166,39.1482745194119,40.8051462829832,42.2423730171249,44.4448550684774,46.2991541464919
"0.555",29.8906335293201,28.7399086875698,30.2740949624361,32.5130614899282,34.1685906830948,35.7316258101799,37.152327598475,39.516821069173,40.8601314225107,42.6885336097398,44.8588050130831,46.7885454758427
"0.56",30.0065794963028,29.0309691111176,30.3807597532237,32.6583795812144,34.3839701673655,35.9277070158209,37.5109973658627,39.7919247985126,41.0263430426195,43.1566958890986,45.3100740029336,47.2021940217399
"0.565",30.2391068056368,29.2141976402224,30.6642157671662,32.8722715643086,34.7032289990885,36.2505777212009,37.8000450748616,40.0251844923463,41.4641953251922,43.4763533479814,45.7856779723369,47.7669759873458
"0.57",30.4496021348123,29.3874202633776,30.8783687220971,33.0759649716548,35.0853368324764,36.689279939553,38.3069494879688,40.2513488832743,41.9645006678144,43.9324486810844,46.020771057954,47.9890008251639
"0.575",30.5222292043211,29.6097951284565,31.1272694830314,33.3724184947254,35.2428195596298,36.9108727274602,38.6310725947589,40.4602626486763,42.5555111755138,44.3572337411855,46.4914404822733,48.4807108567087
"0.58",30.7914453581616,29.8630784827163,31.4399805804903,33.5102077385835,35.5900793282212,37.3329496739884,38.8699014566383,40.7674418835235,43.0353822320045,44.937540447552,46.997214760897,48.9599569649956
"0.585",31.0108082624869,30.0551485914985,31.5725128550848,33.7474183012696,35.9362392910847,37.5791873553866,39.2180288852916,41.1455558731995,43.2745989292935,45.3170388714793,47.3215143380383,49.3638622349172
"0.59",31.2412750545077,30.3013603574274,31.9078148134444,33.8654263828033,36.2453494109383,38.0244413222569,39.5704281057413,41.2043365824789,43.5240688062364,45.6902281762422,47.6944658371157,49.7033309728901
"0.595",31.3634563616825,30.562843993393,32.1197568349508,34.0809858577505,36.7296520723121,38.3393609639157,39.6043943105458,41.5350644016736,43.6868928847606,45.9543822345614,47.9686528635513,50.0679910191186
"0.6",31.6309714549196,30.8926579974264,32.2473594751914,34.3101714200626,36.8348260117795,38.6239484080457,39.8876099204106,41.7789251364911,44.0892905851385,46.3186889167419,48.3932718293535,50.4105128399541
"0.605",31.8548465005255,30.9868156332944,32.6030475735349,34.6259611731906,37.171476452354,38.9971352356304,40.2734354376955,42.0857266605612,44.3619073366901,46.8285878543195,48.7500880204816,50.8145171999841
"0.61",32.1585831571885,31.3224947703747,32.8822100715274,34.7514265118517,37.4279684400758,39.2635007338725,40.4315035259543,42.4477017537044,44.7374206486674,47.0217503000922,49.2759282143532,51.218270692161
"0.615",32.5168711284818,31.5493468901064,33.1888290597544,34.9110072426873,37.5757464484121,39.5297580795065,40.7976153708783,42.8600572199152,45.2136213565545,47.2732238975588,49.5689151725471,51.5053766796246
"0.62",32.7454393179755,31.7182190437564,33.4487431521342,35.0732143071456,37.7887726412363,39.7636590015875,41.1142294886118,43.1828478128113,45.3817427521437,47.8313891550906,50.0905187829129,51.8364949142562
"0.625",33.0728152620826,32.0457812607116,33.846602362473,35.3654289855255,38.1632673444316,40.0893348645737,41.5914856399744,43.374991300188,45.9100138402453,48.2072458135196,50.3387067627147,52.2603344610199
"0.63",33.3555033045236,32.3609878963825,34.089215300945,35.6971599163675,38.4439811056048,40.3353513900148,42.0178778822652,43.9513655779998,46.228296160455,48.6021370549891,50.692141268635,52.7345160075126
"0.635",33.7916716779857,32.6387325388352,34.4725385924561,35.9883477350204,38.7663290733761,40.6795489598044,42.3691746838475,44.3491009958726,46.6761115693109,49.0226155075854,50.7221912280016,53.1103438806226
"0.64",34.1169722881746,32.8223924243041,34.7200025466294,36.2943221456967,38.8419847352346,40.8689855076631,42.6780970418151,44.7980168155271,47.0336396741919,49.5203505850924,51.1597933337856,53.5172463918253
"0.645",34.1798187455613,32.9415781342327,34.96901114849,36.5068892121967,39.046860770382,41.0885863915971,43.0909733687833,45.0913193786842,47.5367167947698,49.848329738498,51.6271726904199,53.7290429922994
"0.65",34.5407148032195,33.3200343428745,35.0780731852813,36.8823436064613,39.4450024581972,41.5480441049777,43.1904350542118,45.6311210593791,47.9658251011785,50.177504144195,52.1629672693948,54.1761922160526
"0.655",34.7136521745234,33.5624342713554,35.3009311162328,37.2091272900374,39.6488599534219,41.9377763346696,43.2671845790728,46.1240035667132,48.2777713958399,50.4373326738453,52.5931185555857,54.7263812254306
"0.66",34.9059852602662,33.8248938804973,35.4944390984601,37.6253852546876,40.0682379358505,42.0086569526113,43.6763221962147,46.3038295108974,48.6113575780939,50.7477677389086,53.0898779390155,55.3384236832059
"0.665",35.1608425985517,34.0849572320231,35.7297659563108,38.0293949031285,40.2053186421558,42.2732854877649,44.1119152081354,46.7608238053039,48.7070606067133,50.9420460536912,53.2696241154568,55.8014297127639
"0.67",35.4221570329729,34.3254076824965,35.9451682622334,38.1321428576878,40.5394441329624,42.4656422274222,44.3425321762333,47.1142824197235,48.940067011568,51.2967384385314,53.4089085499054,55.9694590297573
"0.675",35.7300085745376,34.5722085716667,36.2168488709435,38.532734577302,40.9931757426956,42.6637165950197,44.7146118278059,47.458689028368,49.190929441053,51.6622460946702,53.8987777794133,56.0651399916445
"0.68",35.9154768924653,34.8062180708587,36.5566696325365,38.5939397366003,41.3767632072722,42.8042008056246,44.821788328442,47.500044309988,49.60838290471,52.0278364720584,54.4138181483058,56.4985678011806
"0.685",36.018607356581,34.9939262245181,36.7813070959508,38.7229662124549,41.689753055762,43.14745454582,45.1036859974309,47.7356514064184,50.0482780733099,52.4125853315805,54.9069428460663,56.7218763413932
"0.69",36.3029324280383,35.1379616710262,36.8580731549913,38.9102181246496,41.7865263866472,43.4233586813443,45.469467491323,48.1191248076016,50.1602763861244,52.9455666343327,55.2438817315097,57.1728136927751
"0.695",36.5986455508447,35.4729743270161,37.0511551669235,39.2556791255379,41.9260686044442,43.6412075281708,45.8443394179076,48.4046999129526,50.4761600877136,53.1934599953871,55.4808910348362,57.47499341856
"0.7",36.6111091065849,35.5525052368862,37.3991355312709,39.7421912865138,42.3275592185173,44.1312465435377,46.0493839608347,48.6957391733551,50.6833124314036,53.3273805623862,55.8798229103072,57.8153537909114
"0.705",37.0009212222264,35.81887174001,37.6226206454915,40.0518842450388,42.7102518542582,44.7133582131953,46.4116324858958,49.1436704929604,51.1565587606727,53.6540772291381,56.0316667450653,58.0534465798733
"0.71",37.1926115948955,35.9543107844209,37.832157161909,40.3049367138973,43.1544819578229,45.1224244833738,46.649406394209,49.4514560620295,51.4762398937453,53.8962729612519,56.1585885274353,58.686476726185
"0.715",37.5096489303542,36.2574126739193,37.9938197399202,40.6741671662102,43.2245405879148,45.4275446420564,47.1105068891384,49.5425274525071,51.965075291037,54.2324913604632,56.4150595234562,58.8734742852489
"0.72",37.70326333165,36.5115901780998,38.2671226884158,40.9971447968038,43.3664917661444,45.6010229141391,47.4988415018742,49.8215222056553,52.2199880621384,54.6431804381987,56.5978601388136,59.3757619870889
"0.725",37.9488253231235,36.7161859402864,38.4694747705809,41.1909206831043,43.8951776473667,45.8574171352852,47.9564348289344,50.1443972456328,52.6983621955206,55.0177488348569,57.2259782199751,59.788954836249
"0.73",38.2153155251485,36.9063380546391,38.7113378185396,41.4557185545902,44.1864820976098,46.1400997384756,48.2047410543325,50.5037069859691,53.2031141678722,55.3708556720552,57.4922695003201,60.0599308104764
"0.735",38.3810024439824,37.1881540398467,38.8523314238541,41.6516692917969,44.392284332664,46.450479821264,48.1925386504943,50.9239737707881,53.321510306604,55.6735027818926,57.7884454113556,60.2778125189783
"0.74",38.707368380672,37.3957233597589,39.1883170280382,41.8041768928074,44.5999130062799,46.7415399848984,48.2188816266997,51.220173228731,53.5838446329849,56.3714418763855,58.3304781858009,60.6956716775451
"0.745",39.0594806257611,37.6891989254056,39.496504819992,42.0924752693485,44.6919027288135,46.9046222922031,48.3683220213959,51.6189405819055,53.9135331870331,56.7994221305441,58.915789263835,61.1023417042923
"0.75",39.2551499008123,37.9029475113787,39.7495404174567,42.2717942166058,45.0382892538096,47.1366630124807,48.6754161533817,51.9574227927642,54.0401926018449,56.9209069440144,59.1358731335009,61.6360646565988
"0.755",39.3296243033591,38.2084895529611,39.9607801077023,42.7855841834145,45.2157313883243,47.4475798124035,48.9394742651216,52.2433962703597,54.6502087053593,57.3874943428371,59.5502851430742,62.271506164317
"0.76",39.5313172165864,38.6574611412455,40.1487054147758,43.045224974131,45.5464389542599,47.6876603209343,49.3596013250889,52.6108206216165,54.7836372680499,57.7572062357064,59.8184460499733,62.8804653731794
"0.765",39.7416309702865,38.8714620068693,40.4524721307671,43.0693823964455,45.8276813645329,47.8263878645789,49.7381249868736,53.0114997839319,54.9173438208012,58.0710569243535,60.4127650321426,63.1710431656336
"0.77",39.9286008104867,39.0943905606814,40.6673343818635,43.3628948793354,45.9502405732117,47.958587860101,50.127282004703,53.1776632642538,55.2976817258957,58.3588687312322,60.5841960393729,63.4290371547179
"0.775",40.0609771132044,39.2697587875769,40.829044954131,43.6987639558241,46.1077038651173,48.3613411503591,50.5068460842235,53.5419087156804,55.5836603481972,58.7160897552781,60.832893789583,63.6537796176841
"0.78",40.1753640015038,39.4746965135536,40.9835869681277,44.0038976671373,46.2230068671694,48.5501792818162,50.637436653366,53.93407462095,55.9649612599223,58.7580368753666,61.062602562375,63.9724052622992
"0.785",40.4577133570649,39.7325240301686,41.2609067801328,44.2237453678951,46.4327140087047,48.8639648764618,50.9794209093266,54.187036437027,56.3409141017322,59.3405771446102,61.44002082856,64.1353305160812
"0.79",40.574436033455,39.7990197169127,41.6282646746442,44.386489121265,46.6835469822718,49.0529179328411,51.2537718546233,54.1306486377944,56.5551961242478,59.4482551489418,61.9446694989692,64.4863925447647
"0.795",40.8589060840655,40.0408306547204,41.9032081935635,44.5115276391624,46.9970683079352,49.5482539305587,51.5737032532529,54.4717087867991,56.8744513405954,59.6344945220731,62.3654966767702,64.6311607582331
"0.8",41.0772350197143,40.2065205961978,42.1142776455498,44.7122862356667,47.3416439029261,49.9239900304417,51.7544814665104,54.7480899088445,57.241239733112,59.9220785852832,62.606796064619,65.1620877586834
"0.805",41.3395046262989,40.4375207458139,42.2124879674873,44.8594373011286,47.7392034961469,50.1602146295529,52.1866864960724,55.089209890216,57.4762180509906,60.3858144516521,63.000696408963,65.5711592116518
"0.81",41.6477945603686,40.5763954327414,42.4848987336935,45.1148864074581,47.9459466081694,50.457832434522,52.4593435046376,55.2598294245654,57.8232059275346,60.6293584549254,63.1917487488036,65.7655432612875
"0.815",41.8288130610035,40.8687484348663,42.6947639222277,45.3799419390706,48.4415623234689,50.7450712384671,52.9839479898498,55.617769532661,58.1068879990814,60.8830214831263,63.4344118644429,66.0271942257537
"0.82",42.0866767027399,41.0963194401611,42.7716303828929,45.6329445135056,48.868724442179,50.8124493436971,53.3974072334632,56.141766673043,58.493053159181,61.1031180708798,63.8957065457929,66.2643307226762
"0.825",42.2920897516004,41.2787665458808,42.9667279706226,45.9298217264012,49.0439636090818,51.1630816871767,53.660416730944,56.4349801710165,58.7065448680665,61.5892066587861,64.2116636118297,66.8665891364699
"0.83",42.4564920520845,41.5291588470195,43.1055301906137,46.2619407228549,49.2652364437623,51.4142564907965,53.7170164346263,56.7660184671119,59.0029999640456,61.8671163653428,64.663797999565,67.2553651068794
"0.835",42.7535047160022,41.8055533149495,43.36949574592,46.6092768375355,49.4057968497156,51.7374429165064,54.1045551167171,57.1160513325382,59.5562132273912,62.0426548115059,65.200660297241,67.458890141459
"0.84",42.9377625055197,42.0132632321008,43.6045405888825,46.8213847453966,49.6337440353073,51.8650316373472,54.1707515332607,57.3479666893896,59.7835189698609,62.7694640498974,65.6817725628197,67.8901901950095
"0.845",43.2788657311867,42.3114218347784,43.8831279345967,46.90401141527,50.0211316413241,52.1247600010602,54.1934785418312,57.6597449863608,60.2668712377664,63.2705861722221,66.0080280738957,68.2201250134576
"0.85",43.6131135879922,42.5105406820116,44.1029363612707,47.2722026335207,50.2310540000676,52.4310451229628,54.5055248369501,57.9373543525845,60.7679256589378,63.3625701938945,66.3071352903136,68.4635872607794
"0.855",43.8419874285603,42.7019106808898,44.3668246943042,47.6723114555919,50.4119153240362,52.6489099016801,54.8059730550773,58.0813502080979,60.8712075707342,63.9137416841422,66.8616907537163,68.9443851796106
"0.86",44.2382633750251,42.8505372631132,44.6059703295218,47.941742321378,50.6894544409866,52.9298102411792,55.2531405576089,58.3622224302629,61.4244172370383,64.2478034922569,66.8311352753839,69.5011025399389
"0.865",44.5065717448093,43.1200887058622,44.8289130373472,48.2521005213227,50.9388484896813,53.3970399254983,55.4710179325544,58.5125883713201,61.7207862888483,64.327979483382,67.1510211770024,69.6869804493328
"0.87",44.6007978832715,43.3826482223939,45.0145131365786,48.4926442342051,51.048126390615,53.4482819287283,55.680678391299,58.8802995685067,61.747321517384,64.7816658040872,67.5415758613375,70.1787662056664
"0.875",44.8646563975785,43.3751749829167,45.2276723897918,48.6781408487929,51.2325043114596,53.8793757357437,56.0384512456513,59.1872382676596,62.0057148486849,65.1457715986305,67.6696105085745,70.5454130237169
"0.88",45.1279374775525,43.7333640622617,45.4471236597356,48.893940228953,51.4692215570264,54.2025754463821,56.1464365281969,59.5796122808442,62.5920788959416,65.4493205327998,68.2321423776025,71.1149886856095
"0.885",45.2094498122125,44.0723261778138,45.8119621718162,49.0360755983967,51.7491623151149,54.4523319751865,56.3149532088564,59.7909141248906,62.7488414614738,65.7914180652065,68.4549258513603,71.127856755219
"0.89",45.5633978456429,44.3452659481041,46.1243458603346,49.3415352365012,52.0822931815608,54.7750074474122,56.6341727824205,60.2907376021209,63.024695427821,65.8576995675103,68.9841418991693,71.8258580034172
"0.895",45.9400526576174,44.6595745389735,46.498286557964,49.4680404068811,52.4158764072479,55.0547069164597,57.0233380996745,60.458174478909,63.3904279966752,66.1746538038278,69.0572268905787,72.2179374598543
"0.9",46.2460995506498,44.8282558212105,46.7114029769129,49.7260362680598,52.7548896451504,55.161274990367,57.2240621306236,60.8558895250153,63.5591168773372,66.6126284245907,69.2222446098033,72.394087697329
"0.905",46.4654542683673,45.0102304246686,47.0425919285486,49.8507996295692,53.0734936339712,55.4283809354116,57.4210763956262,61.1490577834972,63.8273360584046,67.0858242746655,69.801819715698,72.8483235395449
"0.91",46.8912213319025,45.1963346962532,47.3239460775202,50.11553632679,53.3691820201586,55.4708770696706,57.6870384432068,61.4351125651721,64.0810305387212,67.1414921557518,70.1790999306845,73.0931740380372
"0.915",47.3812925035243,45.3998799129191,47.6399328139181,50.2204459740399,53.530647909811,55.6537540360141,57.8642915491827,61.732620435654,64.2519702397654,67.4653046534611,70.4437131169919,73.3693225410637
"0.92",47.5667359184095,45.6008645090928,47.8653770339664,50.524067996857,53.6817522451903,55.9469994386805,58.0153782462535,62.0315706338408,64.5655384536071,67.7598294970841,70.9067173533323,73.5290470387332
"0.925",47.7997154491933,45.8903919239239,48.0076391727516,50.8053432577217,53.8607756378938,56.1450892424928,58.4409966233818,62.1510346573463,64.9529813717484,68.0057794030906,71.1633370917569,73.7903801194391
"0.93",47.9991467154782,45.9065716685933,48.2895869591519,51.0469601211349,54.2875133986045,56.4038015144109,58.6822564093371,62.5978237418598,65.3353130870292,68.3717196810174,71.3633900830867,74.207588319255
"0.935",48.2461037772828,46.2275585794237,48.5193485340646,51.3205681445715,54.644984719398,56.7784704387676,59.006341376933,62.7849192294773,65.580412259259,68.6870396682439,71.8616534425076,74.661506558974
"0.94",48.5506905221466,46.4352001737864,48.6779637249309,51.4557139974856,54.8010571457565,57.1925947421703,59.26790785875,62.9994970752045,65.7349847887357,68.8830371036393,72.0361341680495,74.8529536678308
"0.945",48.6500035282693,46.6348402059716,49.0190378097333,51.8081768442326,55.0844635085902,57.4485484412762,59.6697194583379,63.3390152043223,66.0370487092099,69.215830603012,72.5176829623599,75.1620595962409
"0.95",48.7733143121705,46.9621400097525,49.2581687751188,51.974960406469,55.34915835514,57.8968682335921,59.9564981294672,63.6372486914935,66.4538971060759,69.653467517954,72.509866036234,75.5454493965111
"0.955",48.9943565709426,47.2284227843803,49.5245172783006,52.4302501932976,55.6794856326374,58.2169301486894,60.2682674699483,63.9550036901526,66.7692629639227,69.9573221341448,72.8572269088893,75.8734405657072
"0.96",49.252139344632,47.446646589329,49.6787611221944,52.7098317562453,55.9929159805922,58.4713182158293,60.5282641062084,64.3025718034547,67.2140354973337,70.3495246973874,73.1775495403496,76.3173929655
"0.965",49.5829737085123,47.741534960705,49.8340346616314,52.9540655167453,56.2368153352445,58.7051589920504,60.8671984846595,64.5488595903938,67.5065499200974,70.7377621608069,73.6714779418184,76.7339936307523
"0.97",49.8188689857581,47.9085222456652,50.0100403497505,53.251411868387,56.5684544453044,58.9334833386924,61.2367260036036,64.9042200336681,67.8629042473934,71.0053369222838,73.9845953361692,76.9885682887037
"0.975",50.1457017946313,48.1679910522945,50.3080132287643,53.5502334039706,56.8746948645011,59.1665139593178,61.5574853359709,65.1407061259785,68.1435014474041,71.4428125761947,74.469294436846,77.4155067455633
"0.98",50.4200035934273,48.4392027853651,50.6099390761891,53.7966412743682,57.2020814223482,59.4018377264041,61.6412418093307,65.5220183798555,68.3788546898039,71.6920444078818,74.8779958657242,77.8149583791066
"0.985",50.6248477805947,48.723661431876,50.830310639275,54.1348012357788,57.4447497708967,59.6233626840796,62.0757016989397,65.7951127244548,68.7599676049192,72.0180643700904,75.2908944940397,78.1791466651028
"0.99",50.8668143937156,48.9758915717039,51.1465545958212,54.3795870689171,57.7938880208551,59.9348379497991,62.3674237287082,66.1639135820314,69.1533085294272,72.3561812173444,75.6105310626377,78.6402214034622
